<?xml version="1.0" encoding="UTF-8"?>
<topaze><indexes><globalIndex id="vmKmJcMnT7ehL36J7iBC5h" title="Objectif choisi" type="autoindex"/><index id="CpEVvdStmeei7JQMDkGszh" title="Profil" type="autoindex"/><index id="UO0xRmxX2cuwpjve2myjc" title="Nombre de participants" type="autoindex"/><index id="Y0t3oT1z42hiRWy5ClU0Cc" title="Qui" type="autoindex"/><index id="rOYjaYxuMji0UbCvItbJse" title="Où" type="autoindex"/><index id="IqVntxPtj7ec3j93JMscRe" title="Pour qui" type="autoindex"/><index id="kCI3JQTtRmlTabrXq555mg" title="Quoi" type="autoindex"/><index id="HDZKXAK4pjl05z4Eeh02yh" title="Comment" type="autoindex"/><index id="gCV1o78WUsl2rN3wrNdMvi" title="Pour Quand" type="autoindex"/><index id="UbzXPYf1uAd43wGn9YfW9g" title="Quand" type="autoindex"/><index id="bXNXflZukqc6yqM6eY0Mee" title="Tableau de bord connu 1" type="autoindex"/><index id="JYmegIkRpwcoTd24YNb3ei" title="Tableau de bord connu 2" type="autoindex"/><index id="esn1q14ROnhVQkb1phzpZf" title="Tableau de bord connu 3" type="autoindex"/><index id="PDethV4j43bFp19KTCVx5b" title="Tableau de bord connu 4" type="autoindex"/><index id="BFenKjE8q6jMsXAoX3HjQ" title="Tableau de bord connu 5" type="autoindex"/><index id="lz8VeuIA7xiHLMbuMrBTTi" title="Tableau de bord connu 6" type="autoindex"/><index id="xQfgFKiRZYfbILsDfXOepd" title="Tableau de bord connu 7" type="autoindex"/><index id="PIpkWUREQOjy16WsOFJBH" title="Tableau de bord connu 8" type="autoindex"/><index id="wVUcJNEFtojiFsJxBcgWji" title="Tableau de bord connu 9" type="autoindex"/><index id="cwd2Jc9BUmlPFkBL329Rkj" title="Tableau de bord connu 10" type="autoindex"/><index id="LogDGHMYbdh2JUP54ZD9tg" title="Donnée 1" type="autoindex"/><index id="LHKWkBO0YieO1KKRxglPrb" title="Donnée 2" type="autoindex"/><index id="xnQuHqmZUwbmosk7YYLZKd" title="Donnée 3" type="autoindex"/><index id="RBXQS1FcizcwjtPfThwKwh" title="Donnée 4" type="autoindex"/><index id="eJiT9kPztnk2fcRSfT7V5i" title="Donnée 5" type="autoindex"/><index id="Ch8KrROMOVbbnReMOhdhkd" title="Donnée 6" type="autoindex"/><index id="EDeMlLDZfbkILi1Vsaxb1e" title="Donnée 7" type="autoindex"/><index id="lTNpFCA3hHc3xE9qtptMA" title="Donnée 8" type="autoindex"/><index id="Hhou2D0a03k0J36ad804vg" title="Donnée 9" type="autoindex"/><index id="yTqvYlO0Gskt6F3XY0Gjxd" title="Donnée 10" type="autoindex"/><index id="Pon6Q1aT2VCJbffE6GhP" title="Recap - tableur" type="autoindex"/><index id="Vl02SOeaL0cUpKRICSa1Zh" title="Objectif" type="autoindex"/><index id="eKhZONkXmTeVpI3DCsljdg" title="Objectif - besoin" type="autoindex"/></indexes><steps route="true"><step title="Quel est le profil du groupe ?" id="RCFQ66nKP6hWnHVvgNan5i" type="assmnt" followed="false"/><step title="Déroulement de la session" id="xb6KNEuld8fxpuc5pDwfEc" type="exp" followed="false"/><step title="Phase 1/5 : faire connaissance ≃ 5mn" id="cFGAV2pJFVbFR7pzYl44hj" type="exp" followed="false"/><step title="Définition du tableau de bord" id="m374kRzEVVbME1Hs6swtef" type="exp" followed="false"/><step title="Exemple 1 : Tableau de bord de voiture" id="X737DAvaj6f1GvhdVeiKxf" type="exp" followed="false"/><step title="Exemple 2 : Tableau de bord de jeu vidéo" id="uMz9VXRpC1g2tFC0Zm75cf" type="exp" followed="false"/><step title="Exemple 3 : Tableau de Bord d'application sportive" id="Au8IpZuzzVhHdp2TGmAwrd" type="exp" followed="false"/><step title="Quels sont les tableaux de bords que vous utilisez ?" id="xB0u9E6JSejkxPzTfXVypg" type="exp" followed="false"/><step title="Récapitulatif de la phase 1/5" id="sIbUbQtOcMgd3q6p8VvbDd" type="exp" followed="false"/><step title="Phase 2/5 : identification de la décision ≃ 25mn" id="qQNGCtQNk2khPzVfcrLt9d" type="exp" followed="false"/><step title="Planification" id="nd8tsCW807hTcX47doIRQi" type="exp" followed="false"/><step title="Suivi" id="mXYABawrtGgFVwAFphY17c" type="exp" followed="false"/><step title="Évaluation" id="JjmZgX831ohISMWjkLZ42h" type="exp" followed="false"/><step title="Communication" id="pHDbpOHuLQjO1AERvjf4bj" type="exp" followed="false"/><step title="Évolution" id="peq3ye6uKMbERRMTOJZLkf" type="exp" followed="false"/><step title="Remédiation" id="CEP3Ri7IoPgsX2RxJCsDTc" type="exp" followed="false"/><step title="Choix objectif principal" id="VSWPv57p5FgiWYxKJEIVTg" type="nav" followed="false"/><step title="Vous avez choisi &quot;Planification&quot; comme objectif" id="mW1baLzDhpiFymF53H0ahj" type="exp" followed="false"/><step title="Vous avez choisi &quot;Suivi&quot; comme objectif" id="EvP7ByKrmadxvoskM9uS7c" type="exp" followed="false"/><step title="Vous avez choisi &quot;Évaluation&quot; comme objectif" id="kcmW2p5eP3jAPDMCbuD6Mg" type="exp" followed="false"/><step title="Vous avez choisi &quot;Communication&quot; comme objectif" id="dLKCNunb65cjatpGsazkx" type="exp" followed="false"/><step title="Vous avez choisi &quot;Évolution&quot; comme objectif" id="Xz3DzVilaolUyIjx6V9lIe" type="exp" followed="false"/><step title="Vous avez choisi &quot;Remédiation&quot; comme objectif" id="TwOdIauEBCcDQRAhAVZSHe" type="exp" followed="false"/><step title="Vous avez déjà choisi un objectif" id="rFFf7BrM2EjT4CxSrDmZwj" type="exp" followed="false"/><step title="Phase 3/5­ : répondre aux questions" id="YMYrFq8EzhdP4VtCJiY9Eb" type="assmnt" followed="false"/><step title="Phase 3/5 : description du contexte et du contenu ≃ 15mn" id="B5RmvoPAwRjG2wVk7REO4f" type="exp" followed="false"/><step title="Phase 4/5 ­: choix des données et des visualisations ≃ 20mn et 30mn" id="ozy1v4SCFthgnsyO2NIrpd" type="exp" followed="false"/><step title="Phase 4/5 ­: choix des données et des visualisations" id="eMFqWP53wgjVB62cyrpiri" type="exp" followed="false"/><step title="Phase 4/5 ­: choisir les données" id="qH3vGUVSJHk56xM6sC3Oqf" type="exp" followed="false"/><step title="Phase 4/5 ­: choisir les visualisations (1/5)" id="WhUPUmpWVNjKBPCanRYqhh" type="exp" followed="false"/><step title="Phase 4/5 ­: choisir les visualisations (2/5)" id="x5h9pM29ZJhAdxNg68SOw" type="exp" followed="false"/><step title="Phase 4/5 ­: choisir les visualisations (3/5)" id="MS5qZbMYYwiEVY8Vvtx5Uf" type="exp" followed="false"/><step title="Phase 4/5 ­: choisir les visualisations (4/5)" id="csg5afcHheiwLfDpnHjuFe" type="exp" followed="false"/><step title="Phase 4/5 ­: choisir les visualisations (5/5)" id="NyUZFOXvEmjik2V9isVvW" type="exp" followed="false"/><step title="Phase 4/ 5 ­: lier les données et les visualisations choisies" id="LKt7urBZPFd4WPsUSsXYbf" type="exp" followed="false"/><step title="Phase 4/ 5 ­: lier les données et les visualisations choisies" id="tELzq6tqWyPbbFlzcadef" type="exp" followed="false"/><step title="Phase 4/ 5 ­: lier les données et les visualisations choisies" id="LJVcT1cTYAthQY4oL5jvi" type="exp" followed="false"/><step title="Phase 5/5 : placer les éléments sur une ou plusieurs fenêtre(s) ≃ 20mn et 30 mn" id="YYqH8ffE8FfUBbbnstXDyi" type="exp" followed="false"/><step title="Phase 5/5 : dessinez votre vision du tableau de bord" id="D5G9fIgpRgchmXsFlAjdvh" type="exp" followed="false"/><step title="Perspectives et remerciements" id="bbtQtD4DEV2BQ8MuKKPOg" type="exp" followed="false"/></steps></topaze>
