<?xml version="1.0" encoding="UTF-8"?>
<topaze><indexes><globalIndex id="MUI7svJxTPeIKJsKpFOGbg" title="Objectif choisi" type="autoindex"/><index id="xhtehea4MGiWQXowpempif" title="Profil" type="autoindex"/><index id="roQOh3knreecPZWJDGGk3h" title="Nombre de participants" type="autoindex"/><index id="u1XPqTf4dycxCZA20OI4ti" title="Qui" type="autoindex"/><index id="edaj9jqc8SiGLzCaOQWvIf" title="Où" type="autoindex"/><index id="j2JW8Bjy2bkS9srpdt6ETi" title="Pour qui" type="autoindex"/><index id="TI1KUwvNrGgzYyT7Sb5mFc" title="Quoi" type="autoindex"/><index id="QFwQVPLMWqhbso0ZGeW83" title="Comment" type="autoindex"/><index id="VGMTrwIZ9ZJSWRtwlX2Ze" title="Pour Quand" type="autoindex"/><index id="TpRFTS8K4Ch31Sdmv1O53c" title="Quand" type="autoindex"/><index id="jAtqwy9pb3iucPTZ7bKMfc" title="Tableau de bord connu 1" type="autoindex"/><index id="C5WFdBzOdof2jYVABvcMl" title="Tableau de bord connu 2" type="autoindex"/><index id="GVEJwSHJjTci5VqTVgAg5" title="Tableau de bord connu 3" type="autoindex"/><index id="Gv2zAVoOTthxPBYMVdLGZf" title="Tableau de bord connu 4" type="autoindex"/><index id="sXxYt9QiVOb5u3mXG6FrXh" title="Tableau de bord connu 5" type="autoindex"/><index id="fB6svJkYoF0wgHawEG8Mc" title="Tableau de bord connu 6" type="autoindex"/><index id="rcAK5I2DUgb3io4ic1HWA" title="Tableau de bord connu 7" type="autoindex"/><index id="bJe9lZ7dj9fAAmoufaKfpj" title="Tableau de bord connu 8" type="autoindex"/><index id="hzJ03GVRW6dW5PrTAsywCi" title="Tableau de bord connu 9" type="autoindex"/><index id="XkhZWmBeZ3kfIfbpdP4vDh" title="Tableau de bord connu 10" type="autoindex"/><index id="hpLqGaeMTgg1hiVH7NNFvi" title="Donnée 1" type="autoindex"/><index id="WX3UAZ4kj0bJsbUKnBYlOd" title="Donnée 2" type="autoindex"/><index id="RspeVZX3TCbtu1l4t26VYc" title="Donnée 3" type="autoindex"/><index id="XknI4ISCwUcMQ6gdqqBrii" title="Donnée 4" type="autoindex"/><index id="Wo8MPYtUiFkfPu3lLGDC0d" title="Donnée 5" type="autoindex"/><index id="djFC1kE0bdjhHHjBqGqxlf" title="Donnée 6" type="autoindex"/><index id="evw1vy9lBMhC0VDNdhpBCi" title="Donnée 7" type="autoindex"/><index id="JluCgUxzyQhnVPVof06NVh" title="Donnée 8" type="autoindex"/><index id="cpVnjTVCwacF9TMBqx9CC" title="Donnée 9" type="autoindex"/><index id="kqpjlDYHs1kBDJF1rV108" title="Donnée 10" type="autoindex"/><index id="sxzaZacH3ecQtFnjVxSA7g" title="Récapitulatif des données et visuels choisies" type="autoindex"/><index id="xVru7Xrb5AgqQJLP8g9KNd" title="Objectif" type="autoindex"/><index id="N5EHPW6nled3p7zyFGu0Gh" title="Objectif - besoin" type="autoindex"/></indexes><steps route="true"><step title="Quel est le profil du groupe ?" id="I2g0PFVwVSL394DxB3NRh" type="assmnt" followed="false"/><step title="Déroulement de la session" id="uHvwQ1xBKzdm1wSk57Am0e" type="exp" followed="false"/><step title="Phase 1/5 : faire connaissance ≃ 5mn" id="x8BxuL91VvhHsAXowNrIk" type="exp" followed="false"/><step title="Définition du tableau de bord" id="o6RwJQCPoDb7JaLH44WhUe" type="exp" followed="false"/><step title="Exemple 1 : Tableau de bord de voiture" id="TJ4hVHo3bVcIDPjdbq02S" type="exp" followed="false"/><step title="Exemple 2 : Tableau de bord de jeu vidéo" id="Je2YSXo3OIkwLaOvccYyw" type="exp" followed="false"/><step title="Exemple 3 : Tableau de Bord d'application sportive" id="dbPyS1KJc3kEdUxc7FRbd" type="exp" followed="false"/><step title="Récapitulatif de la phase 1/5" id="RVUW54h7DOjWOdLfjRNmt" type="exp" followed="false"/><step title="Phase 2/5 : identification de la décision ≃ 15mn" id="swrtWGNkvmhkoQVFe8buae" type="exp" followed="false"/><step title="Planification" id="UkmnNwqN1AePzjhXHDxjaf" type="exp" followed="false"/><step title="Suivi" id="PXgma9JqfpjxP2VBI6rALc" type="exp" followed="false"/><step title="Évaluation" id="ht17B4Qf9ycwE0Wbsa1k2g" type="exp" followed="false"/><step title="Communication" id="LylVrJ17lpfPWKhJVh0HN" type="exp" followed="false"/><step title="Évolution" id="iymRiqDahVcVDAcHG0ts7e" type="exp" followed="false"/><step title="Remédiation" id="paEhO4HkWvf2H4Mh984sXb" type="exp" followed="false"/><step title="Discuter d'une carte objectif" id="obeYqMmxGPk52nopPO3RCf" type="nav" followed="false"/><step title="Choisir &quot;Planification&quot; comme objectif" id="i54reqssMYbAXMV4u5OVUf" type="exp" followed="false"/><step title="Choisir &quot;Suivi&quot; comme objectif" id="A1K6lpSqTAd4ZsDVSPneOf" type="exp" followed="false"/><step title="Choisir &quot;Évaluation&quot; comme objectif" id="lxDadU00FmdrlaztIPVMb" type="exp" followed="false"/><step title="Choisir &quot;Communication&quot; comme objectif" id="WOzuVK1AuglnVRmWqRMARe" type="exp" followed="false"/><step title="Choisir &quot;Évolution&quot; comme objectif" id="LsbVeZLL1Ueyn35eLOjDff" type="exp" followed="false"/><step title="Choisir &quot;Remédiation&quot; comme objectif" id="jEOmVQF8DMfc9uJ6fzDcbe" type="exp" followed="false"/><step title="Vous avez déjà choisi un objectif" id="U9Ja8V4VVubAK3dDvecYyc" type="exp" followed="false"/><step title="Phase 3/5­ : répondre aux questions" id="xGEbo29PjQILxDtp7l0ng" type="assmnt" followed="false"/><step title="Phase 3/5 : description du contexte et du contenu ≃ 15mn" id="miNjQnc6qFcY5RKz47Ddqb" type="exp" followed="false"/><step title="Phase 4/5 ­: choix des données et des visualisations ≃ 20mn et 30mn" id="O18PiP0TE0kid3gCmGPovh" type="exp" followed="false"/><step title="Phase 4/5 ­: choix des données et des visualisations" id="V8gesdh1QDhezZKiepBBWh" type="exp" followed="false"/><step title="Phase 4/5 ­: choisir les données" id="AZ5HQTohlkf5TFJF2uWZif" type="exp" followed="false"/><step title="Phase 4/5 ­: choisir les visualisations (1/5)" id="WoNxhfpcCYccW6X06IUx1b" type="exp" followed="false"/><step title="Phase 4/5 ­: choisir les visualisations (2/5)" id="VEnqZMGPNBgLTecBlSATrg" type="exp" followed="false"/><step title="Phase 4/5 ­: choisir les visualisations (3/5)" id="nCk9gGnuiZhZfAgginLYYf" type="exp" followed="false"/><step title="Phase 4/5 ­: choisir les visualisations (4/5)" id="mSWsjb4xXgevqubs6LlwK" type="exp" followed="false"/><step title="Phase 4/5 ­: choisir les visualisations (5/5)" id="nX3r68S7sQbVnmHaCWSlE" type="exp" followed="false"/><step title="Phase 4/ 5 ­: lier les données et les visualisations choisies" id="UdV7VTRpx0kCfOoqcOaNTi" type="exp" followed="false"/><step title="Phase 4/ 5 ­: lier les données et les visualisations choisies" id="tMebiQ8UMzkOW4850VXeGb" type="exp" followed="false"/><step title="Phase 4/ 5 ­: lier les données et les visualisations choisies" id="F6I8HfEIjXhPmQzVPV6HVd" type="exp" followed="false"/><step title="Phase 5/5 : placer les éléments sur une ou plusieurs fenêtre(s) ≃ 20mn et 30 mn" id="O9Ke3VonQbjxDnkLpEmhzg" type="exp" followed="false"/><step title="Phase 5/5 : dessinez votre vision du tableau de bord" id="uqYIUvu6iEgpfc4bujLERi" type="exp" followed="false"/><step title="Perspectives et remerciements" id="MwPXh9hWbVkFZZ4NIHkMji" type="exp" followed="false"/></steps></topaze>
